category,filename
Normal,Normal_Videos_015_x264.mp4
Normal,Normal_Videos_050_x264.mp4
Normal,Normal_Videos_100_x264.mp4
Normal,Normal_Videos_129_x264.mp4
Normal,Normal_Videos_150_x264.mp4
Normal,Normal_Videos_246_x264.mp4
Normal,Normal_Videos_247_x264.mp4
Normal,Normal_Videos_248_x264.mp4
Normal,Normal_Videos_251_x264.mp4
Normal,Normal_Videos_289_x264.mp4
Robbery,Robbery001_x264.mp4
Robbery,Robbery002_x264.mp4
Robbery,Robbery003_x264.mp4
Robbery,Robbery004_x264.mp4
Robbery,Robbery005_x264.mp4
Robbery,Robbery006_x264.mp4
Robbery,Robbery007_x264.mp4
Robbery,Robbery008_x264.mp4
Robbery,Robbery009_x264.mp4
Robbery,Robbery010_x264.mp4
RoadAccidents,RoadAccidents001_x264.mp4
RoadAccidents,RoadAccidents002_x264.mp4
RoadAccidents,RoadAccidents003_x264.mp4
RoadAccidents,RoadAccidents004_x264.mp4
RoadAccidents,RoadAccidents005_x264.mp4
RoadAccidents,RoadAccidents006_x264.mp4
RoadAccidents,RoadAccidents007_x264.mp4
RoadAccidents,RoadAccidents008_x264.mp4
RoadAccidents,RoadAccidents009_x264.mp4
RoadAccidents,RoadAccidents010_x264.mp4
Shoplifting,Shoplifting001_x264.mp4
Shoplifting,Shoplifting003_x264.mp4
Shoplifting,Shoplifting004_x264.mp4
Shoplifting,Shoplifting005_x264.mp4
Shoplifting,Shoplifting006_x264.mp4
Shoplifting,Shoplifting007_x264.mp4
Shoplifting,Shoplifting008_x264.mp4
Shoplifting,Shoplifting009_x264.mp4
Shoplifting,Shoplifting010_x264.mp4
Shoplifting,Shoplifting012_x264.mp4
Stealing,Stealing002_x264.mp4
Stealing,Stealing003_x264.mp4
Stealing,Stealing004_x264.mp4
Stealing,Stealing006_x264.mp4
Stealing,Stealing007_x264.mp4
Stealing,Stealing008_x264.mp4
Stealing,Stealing009_x264.mp4
Stealing,Stealing010_x264.mp4
Stealing,Stealing011_x264.mp4
Stealing,Stealing012_x264.mp4
Vandalism,Vandalism001_x264.mp4
Vandalism,Vandalism002_x264.mp4
Vandalism,Vandalism003_x264.mp4
Vandalism,Vandalism004_x264.mp4
Vandalism,Vandalism005_x264.mp4
Vandalism,Vandalism006_x264.mp4
Vandalism,Vandalism007_x264.mp4
Vandalism,Vandalism008_x264.mp4
Vandalism,Vandalism009_x264.mp4
Vandalism,Vandalism010_x264.mp4
