category,filename,file_size_mb,k2a_time_ms,sha256_original,k2a_original,hamming_reencode,hamming_frame_delete,hamming_brightness,hamming_overlay,phash_hamming_reencode,dhash_hamming_reencode,hamming_frame_delete_x264,phash4_hamming_reencode,dhash4_hamming_reencode,phash4_hamming_frame_delete,dhash4_hamming_frame_delete,phash4_hamming_brightness,dhash4_hamming_brightness,phash4_hamming_overlay,dhash4_hamming_overlay,hamming_no_change,hamming_single_byte,sha256_differs_single_byte,k2a_time_ms_std,k2a_time_ms_min,k2a_time_ms_max,k2a_time_repeats,phash4_hamming_frame_delete_x264,dhash4_hamming_frame_delete_x264
Normal,Normal_Videos_015_x264.mp4,2.761,65.7,0x69e5edb4b88a6f6db47b34b4d42df99b91a9bb35824a57e068c0426c06643b99,0x0000000000000000000000000000000000000000000000006f4067406540e440,0,0,23,0,2,0,1,0,0.75,0,0.75,3,2,2,2.5,0,0,True,1.7,62.8,66.7,5,0,0.5
Normal,Normal_Videos_050_x264.mp4,34.222,58.3,0x0d6420c4455fd56e205747159e8c2cf97dd50cbc04b35a870090ecad18adbc77,0x0000000000000000000000000000000000000000000000000a402c401d400c00,1,1,28,1,2,3,1,1.5,1.75,0,1.5,3,3,1.5,2.25,0,0,True,1.3,56.8,60.1,5,0.5,1.75
Normal,Normal_Videos_100_x264.mp4,5.562,90.3,0xb4191e009215168d16309986cb8b3f6d78b9cfb2f9a6016d8ea566584ded4391,0x0000000000000000000000000000000000000000000000004000550000000100,0,1,35,1,0,0,0,0,0.75,0,0.75,2,4,1,1,0,0,True,2.3,86.8,92.8,5,0,0
Normal,Normal_Videos_129_x264.mp4,3.564,61.3,0xd0700dd8b538ca372154a9b1d7701930c6301aa9f223be77da998188c06c5b81,0x0000000000000000000000000000000000000000000000000020000008a01400,1,1,42,1,2,4,1,0.5,1.5,0.5,1,4.5,8.75,4,1.75,0,0,True,2.1,58.5,64.1,5,0.5,0.5
Normal,Normal_Videos_150_x264.mp4,6.977,70.0,0x9241161d31599a70264edc2dff747030a3a25d4b7a296a7809e1cad28d026aa4,0x000000000000000000000000000000000000000000000000cc000320a320a840,0,0,22,0,0,0,0,0.5,0,0.5,0.75,5.5,0.5,2,1.5,0,1,True,1.6,68.0,71.6,5,1,0.25
Normal,Normal_Videos_246_x264.mp4,41.168,122.5,0xca9d3d20524a8e2aeb0867dac62c0eac3fc335cd0ccfd65cc5e53d3bcbf6f461,0x00000000000000000000000000000000000000000000000042506c500e5084d0,0,0,13,0,0,2,0,0,1,0.5,0.5,2.5,3.75,0.5,1.5,0,0,True,3.1,118.1,126.3,5,0,0.75
Normal,Normal_Videos_247_x264.mp4,68.734,54.0,0x7650ebf4bb6a7b3a67270c60b1e42f1e1cb303fb2ed86e4620769d4f91ef65b0,0x000000000000000000000000000000000000000000000000617061d0e4106440,0,0,17,0,0,1,0,0,0.5,0,0,2,3.25,0.5,1,0,0,True,1.5,52.5,55.7,5,0,0
Normal,Normal_Videos_248_x264.mp4,9.726,97.3,0x47f45836335ddb219dc857e7bb50bb0e4b90e1490d201ae35ca1db8ec88f7252,0x000000000000000000000000000000000000000000000000c0808c80c880b800,0,0,23,0,0,2,0,0.5,3,0.5,2.5,2.5,4,1,4.25,0,0,True,5.2,92.6,105.3,5,0,1.75
Normal,Normal_Videos_251_x264.mp4,2.617,63.6,0x362c2d6ef0046e34213a563c7ac7d6d0ba58036e5dd9f69cf53bce94a4d6b8ad,0x000000000000000000000000000000000000000000000000ccc5c0845844c800,0,1,32,0,0,1,1,1,1,2,2,4.5,3,0.5,0.75,0,1,True,0.8,62.4,64.2,5,2.5,1.5
Normal,Normal_Videos_289_x264.mp4,6.848,61.7,0xad129739026eb47202dbb2c0a6c65764bce753cff9cef960cdeda02d462a86fe,0x00000000000000000000000000000000000000000000000048330b5307b11b17,0,1,30,4,0,1,2,0,1.25,0.5,0.75,6,5.5,2.5,0.25,0,0,True,1.0,60.3,63.2,5,0.5,0.25
Robbery,Robbery001_x264.mp4,5.855,56.2,0x79863df9313468698dfed1280834ac95d68d1b8463aad9fb6eb4655e80c436e0,0x0000000000000000000000000000000000000000000000000000080000000000,0,0,33,0,0,1,0,0,0,0,0,2,4.5,3,2,0,0,True,0.9,55.1,57.4,5,0,0.25
Robbery,Robbery002_x264.mp4,8.311,31.0,0x9bdcfd7361726a9e5d3ebc5c5a433a0ede8d97f8dc8abc6d2318292f00bcaf79,0x000000000000000000000000000000000000000000000000372e36ef304e146f,1,0,30,3,0,2,1,0,0.75,0,0.75,6,6.75,1,0.75,0,0,True,0.5,30.0,31.4,5,0.5,0.5
Robbery,Robbery003_x264.mp4,5.641,52.4,0xf57dfa11c1f557f6d0a0a13b78b5a1526c164bf3ed8bebb5ce44a3b9c95e4f1a,0x0000000000000000000000000000000000000000000000001f50dad0ded05cf0,0,0,16,0,0,1,0,0,0.5,0,0.25,7,8.5,1.5,2.5,0,0,True,0.4,52.1,53.1,5,0,0.25
Robbery,Robbery004_x264.mp4,8.176,60.5,0x17529957ddaf65a3dc3306525ccf025406f9567a02c072383a5d2a43971842ae,0x0000000000000000000000000000000000000000000000000188462804004280,1,0,37,0,0,1,1,1,0,0.5,0.25,3.5,1.75,0.5,0.25,0,0,True,1.1,59.7,62.3,5,1,0.25
Robbery,Robbery005_x264.mp4,14.516,53.5,0xdfea68e67bf1a15d4dcba919e8dfa462189c6dacb047b7445bfeaebbaea22c03,0x0000000000000000000000000000000000000000000000002300b080d0c08ca0,1,0,27,0,2,0,0,1.5,0.75,1,1.25,6,3.25,1,2,0,0,True,0.6,53.0,54.1,5,1.5,0.5
Robbery,Robbery006_x264.mp4,25.344,64.7,0xe15f8d01acb9672fad9c0040c29b7dab5ccceaa8be378d4860dff24aa3eb32ad,0x00000000000000000000000000000000000000000000000000060640020c00c4,2,0,31,1,0,0,0,1,0.5,0,0.75,5.5,1.5,1,0.25,0,0,True,1.4,62.5,66.0,5,1,0.5
Robbery,Robbery007_x264.mp4,14.801,59.6,0xbae20730b5a0d0a2cc2cf5174b4799faf0f6d7c2a94994165df96d33a6ab6baf,0x0000000000000000000000000000000000000000000000000a9f02f91abf11bb,0,1,20,3,0,1,0,0,0.25,0,0.25,6.5,3,1,0,0,0,True,0.6,58.9,60.5,5,0,0.25
Robbery,Robbery008_x264.mp4,18.172,54.8,0xe2702d9cf1231b64105ae8df12aa84e226005a59eb6cb59f6226ca819da0f55c,0x0000000000000000000000000000000000000000000000002026933ff0ede2f0,0,1,25,3,0,0,1,0,0.5,0.5,0.25,4,5.25,1,1.25,0,0,True,0.9,53.5,55.6,5,0.5,0.25
Robbery,Robbery009_x264.mp4,18.857,43.3,0x7e9905130cfd62fa0027d6d3b79ea4f8d035354ae4e7eb371647f7d745be4f20,0x000000000000000000000000000000000000000000000000d6b357bf9737563b,1,1,23,4,0,1,0,0.5,0.75,0,0.5,7,5.25,1,0.25,0,0,True,0.3,43.0,43.8,5,0,0.25
Robbery,Robbery010_x264.mp4,24.195,78.9,0x2cb86e2100c209ce8022e8b15c7979403924e148679f7f27b42446e4ee7a0176,0x000000000000000000000000000000000000000000000000a21f467b049f04df,0,0,32,3,0,0,0,0.5,0,0.5,0.25,3.5,4.5,1.5,1,0,0,True,1.5,76.8,80.8,5,0.5,0
RoadAccidents,RoadAccidents001_x264.mp4,9.003,36.8,0x5d53fefd8e1dd5985081486a4925f566a28bd32725ba4eee40a9b33d2d2f2d29,0x000000000000000000000000000000000000000000000000f100d188c1bdc098,0,0,39,1,0,1,0,0,1.5,1,0.5,7.5,3.5,1,1,0,0,True,1.2,35.5,38.9,5,0,1
RoadAccidents,RoadAccidents002_x264.mp4,2.783,65.3,0x2125325ef10ed236f1e6ed39796ebc0e990022133d938a5132e89921d680c5e9,0x000000000000000000000000000000000000000000000000f130f11075707750,0,0,7,0,0,0,0,0,0.25,0,0.25,3,5.75,0.5,2.25,0,0,True,1.7,63.5,67.0,5,0,0.5
RoadAccidents,RoadAccidents003_x264.mp4,11.616,55.8,0x8489c11485e88449b8454576b92991f79e669e554e9e1c610b3e2ee69c9aea45,0x000000000000000000000000000000000000000000000000c0c082a082a08268,1,0,40,1,0,2,0,0,0.75,0,0.75,4.5,4.25,0,0.75,0,0,True,0.8,54.8,56.9,5,0,0.5
RoadAccidents,RoadAccidents004_x264.mp4,3.187,57.1,0x982b564861dfaa99b73b96729c0faf5f53d929b311f323738114d82f75bd912e,0x00000000000000000000000000000000000000000000000007214fe04fe04ef0,2,0,35,1,0,0,1,0.5,1.75,0.5,1.25,3.5,3,0.5,1.25,0,0,True,0.6,56.2,57.9,5,0.5,1.5
RoadAccidents,RoadAccidents005_x264.mp4,1.616,48.3,0x656a7c07b64e80928bcfd5a4d3779d19c41f8d2a2def5e73d7670dcf9a8b90a2,0x0000000000000000000000000000000000000000000000000002008088800800,0,0,37,1,2,0,0,0,0.25,1,0.5,7,0.25,1.5,0,0,0,True,0.5,47.6,48.9,5,1.5,0.25
RoadAccidents,RoadAccidents006_x264.mp4,10.15,57.5,0xdaacbef55b21582e081c09ed7d0ab504afe6a2ecec86c6d40ce6c06a47946dc1,0x000000000000000000000000000000000000000000000000e2ffeceeccee8cee,0,1,14,2,0,0,1,1,1,0,1,7.5,8.25,2,1,0,0,True,0.7,56.9,58.6,5,0,0.25
RoadAccidents,RoadAccidents007_x264.mp4,8.647,79.6,0xa28c2b10d0a2bd6123a8f1118d191afca64be6ef0609542563495507ad831ad4,0x0000000000000000000000000000000000000000000000000c8800c0084000d0,1,0,46,0,0,0,0,0,0.5,0,0.25,5.5,1.25,0,0.5,0,0,True,1.8,78.0,81.9,5,0,0.25
RoadAccidents,RoadAccidents008_x264.mp4,9.094,43.5,0xe327cdae184a061503be1194fa5779748d2637a7b13a23a667ad7f3a3d7eb2b4,0x0000000000000000000000000000000000000000000000008088008c08880008,0,1,49,0,0,1,1,0.5,0.75,0,0,5,1.75,1,0.75,0,0,True,2.8,41.5,48.4,5,0,0.25
RoadAccidents,RoadAccidents009_x264.mp4,7.117,62.6,0xd3625295a21e3433802216c10efd46bc33bc129d8d0b48046730711a7c508409,0x000000000000000000000000000000000000000000000000efbbeeeeeeeeeae6,1,0,6,3,2,1,1,0.5,0.5,0.5,0.5,6.5,8,2,1.5,0,0,True,2.9,59.0,65.6,5,0.5,0.25
RoadAccidents,RoadAccidents010_x264.mp4,3.976,76.5,0xdf10594c3e4d261512f30a8b92ed3537a77a636d7d6c04eb8341acf75197a4f8,0x00000000000000000000000000000000000000000000000074887080e444e8c0,1,1,37,0,0,1,2,0.5,0,0.5,0.25,2.5,3.75,1,0,0,1,True,1.4,75.2,78.5,5,1,0
Shoplifting,Shoplifting001_x264.mp4,34.28,83.3,0x7af64fd7e96f81da3f91c9cd4bf531dc2d5968718cdb646822ea9895d71ff060,0x00000000000000000000000000000000000000000000000012bc4abe2aef6ee0,0,2,26,3,0,0,1,0,0,0,0.25,8.5,10.5,2,0.75,0,0,True,1.1,82.1,84.4,5,0,0.25
Shoplifting,Shoplifting003_x264.mp4,86.522,78.5,0xf1b14434430832e036c9b43ce979e457913ac50649d2a3bcff7be94c385c4654,0x000000000000000000000000000000000000000000000000789122a0da03d08b,1,0,37,3,0,0,0,0,0.5,0,0,5.5,3.5,0.5,1,0,0,True,1.3,76.9,80.5,5,0,0
Shoplifting,Shoplifting004_x264.mp4,53.998,66.2,0xc71351aad521f175593838ed3e9b6e681f51ff332cd9c2597244d239b701ed7b,0x0000000000000000000000000000000000000000000000001310131093201201,0,0,30,0,0,0,0,1,0.25,1,0,9.5,2.5,2,0.25,0,0,True,1.4,64.8,68.2,5,0.5,0
Shoplifting,Shoplifting005_x264.mp4,15.522,65.4,0xb752e28446de1559726faf7ba41e1b8425e51554fb13640dccfc9906a6bd1193,0x0000000000000000000000000000000000000000000000000248044e28ae28ec,0,0,22,1,0,0,0,0.5,0.75,0,0.5,7.5,1.5,0.5,1.25,0,0,True,0.8,64.6,66.2,5,0,0.25
Shoplifting,Shoplifting006_x264.mp4,24.464,63.8,0x69b685e5993eb8c5e8bf465bc40acf89d2b12acb8f654aa066ff32ac73225bcf,0x00000000000000000000000000000000000000000000000050b773f506f346f2,2,1,25,3,0,0,1,0,0.25,0.5,0.75,6.5,7,1.5,0.5,0,0,True,2.7,61.6,68.5,5,0,0.25
Shoplifting,Shoplifting007_x264.mp4,43.332,37.3,0x0cb77fc4ba04b0bac2545354149b8ad836217688d7567f90e124210476653efd,0x00000000000000000000000000000000000000000000000064644cccc8ae6eae,2,1,13,3,0,0,2,0,0,0,0,8,4,2.5,0,0,0,True,0.5,36.8,38.2,5,0,0
Shoplifting,Shoplifting008_x264.mp4,71.272,44.4,0x634da28cc1acb7b3a859697f2a41deb7fc7c5aae2b7081b8dc803b5c6f8bde00,0x000000000000000000000000000000000000000000000000448e4006408e44ae,0,1,27,2,0,2,0,0,0,0,0.25,4.5,1.25,2,0.25,0,0,True,0.7,43.6,45.4,5,0,0.5
Shoplifting,Shoplifting009_x264.mp4,41.381,50.4,0x3ee94418d4dbedbbc7a7068e9d0b290861d94021c9de9f7d0d459132e85be47d,0x0000000000000000000000000000000000000000000000000017023701070003,2,1,32,4,0,0,1,0,0.25,0.5,0.5,4.5,0.75,2.5,1,0,0,True,2.8,48.5,55.3,5,0.5,0.25
Shoplifting,Shoplifting010_x264.mp4,21.369,54.7,0x717d68d3671d3f7638f80cc7db2e682599fceee21f15385431c569a1480d42ab,0x0000000000000000000000000000000000000000000000004000080008080008,0,0,51,0,0,0,0,0,0.75,0,0.25,1,0.75,0.5,0.25,0,0,True,0.5,54.3,55.6,5,0.5,0.5
Shoplifting,Shoplifting012_x264.mp4,184.741,71.0,0x830646b3d414c6d2b49fda418b1ca571ec82791110d1cb0989db646521670c55,0x000000000000000000000000000000000000000000000000b743f0613b207d89,1,1,31,2,0,0,1,0.5,0,0.5,0,7.5,3,1,0.5,0,0,True,0.7,70.1,71.9,5,0.5,0
Stealing,Stealing002_x264.mp4,14.528,45.6,0x88acfce0d4442084f313e9a6537d93b49567a83f5c1756ccaf5ca21d9d6d455b,0x000000000000000000000000000000000000000000000000dffbdeb0dbf0bbdf,1,2,17,1,0,0,1,0.5,0,0,0,8.5,5,1,1.25,0,0,True,0.7,44.5,46.3,5,0,0
Stealing,Stealing003_x264.mp4,25.398,65.7,0xce7983bbb834708b8316c72cb916b9cab0105e2f283c7f8e636d38b36ddd6b48,0x00000000000000000000000000000000000000000000000030f8108e1a521208,0,1,33,1,0,1,0,0,0.25,0,0.25,1.5,3.75,0,0,0,0,True,0.8,64.9,66.6,5,0,0
Stealing,Stealing004_x264.mp4,38.849,57.8,0x0eda49a9c80efd17e79aae13f318195c6a516151d82339f3c39f03fba5e80c89,0x000000000000000000000000000000000000000000000000f776f14fe4c2ec60,0,0,15,2,0,0,1,0.5,0.25,0.5,0.25,4,3.75,2,0,0,0,True,1.3,56.5,59.6,5,0.5,0
Stealing,Stealing006_x264.mp4,26.657,48.2,0xf0a5836568a1ffa22f10ded52f7161248cda093ea5ca881432a1fd0f4feedce3,0x000000000000000000000000000000000000000000000000ece4ac8428ceccc4,0,0,27,1,2,0,0,0.5,0,1,0.25,4,5.75,1.5,0,0,0,True,0.7,47.5,49.2,5,0,0.5
Stealing,Stealing007_x264.mp4,17.018,60.7,0x9c1667beb35370510af4048a6923e4fa5d8215f5bbc03fee5c83b27c9be704ff,0x000000000000000000000000000000000000000000000000777b737c377e377c,2,1,21,2,0,0,0,0,1.5,1,0.5,9,9.5,3,1,0,0,True,2.3,57.9,64.2,5,0.5,0.75
Stealing,Stealing008_x264.mp4,18.887,70.1,0xcd642740e72beeed30ac589f2754a55ff08381faa3d7c8b6256f6ae97bd22cb9,0x0000000000000000000000000000000000000000000000000ff00ff07ff0fff0,0,0,1,0,0,1,0,0.5,0.75,0.5,0.75,10,18.75,3,1.75,0,0,True,1.8,69.0,73.3,5,0.5,0.25
Stealing,Stealing009_x264.mp4,11.053,46.9,0x856ad953895526c63aa67ba75aab3d99c78876dc5822421abf203d4e773aca78,0x0000000000000000000000000000000000000000000000003631227b66266622,0,2,26,3,0,1,1,0,0,1,0.25,2,0.25,5,0,0,1,True,0.8,45.9,47.8,5,0.5,0
Stealing,Stealing010_x264.mp4,24.273,64.0,0xb36e872a247c775835c313a55348117d517cc27302453a9c36c8534406dd014a,0x0000000000000000000000000000000000000000000000000102101410041404,0,1,48,2,0,0,1,0,0.75,0,0.25,3.5,1.75,1.5,0.75,0,1,True,1.1,62.8,65.3,5,0,0.5
Stealing,Stealing011_x264.mp4,26.288,86.1,0x97ebf655ad4192fdfef01ec91c435f85d6e773257fe72a1458eacf5abdd2e04b,0x0000000000000000000000000000000000000000000000007400a410748d7dbe,3,2,35,2,0,0,1,1,0,0.5,0,6.5,0.5,1,0.25,0,0,True,0.4,85.6,86.4,5,0,0
Stealing,Stealing012_x264.mp4,15.305,45.9,0xd1544b5b5fbd23a9cc8a088ffb56d59f2d4ffde2af9fdea900ccde3c2058c6ba,0x000000000000000000000000000000000000000000000000a26282c444824480,4,3,39,6,0,0,4,0,0.25,0,0.5,3.5,4.75,0.5,0.25,0,2,True,0.7,45.2,46.8,5,0,0
Vandalism,Vandalism001_x264.mp4,12.029,89.1,0x5a99f2fefb3343c05f2a782f3b2def137e7ac5365355e44084a409abd27f3402,0x00000000000000000000000000000000000000000000000028f008d0cf505e20,0,2,23,1,0,3,2,0.5,0.75,1,1.25,5,3.5,2,1.75,0,0,True,1.1,87.9,90.9,5,1,1.5
Vandalism,Vandalism002_x264.mp4,11.38,73.1,0x1bcd10e27c99dee250b2ba0e7b5bb7180ad99bc8001862113af119d8a4c078fa,0x000000000000000000000000000000000000000000000000e240e040c0008c20,0,0,17,0,0,0,0,0.5,0.75,1,0.75,6,3.75,0,0.75,0,0,True,1.9,70.8,75.9,5,1,0.75
Vandalism,Vandalism003_x264.mp4,11.358,54.6,0x6affbfd0c23da681d74115f40c3298a03ab2952e81acad62f9b55c2084421f27,0x000000000000000000000000000000000000000000000000cf8a2f8aef9aef48,2,5,26,2,2,2,0,1.5,1.25,0,1.5,2,3,3,1,0,0,True,0.5,53.9,55.1,5,1,0.75
Vandalism,Vandalism004_x264.mp4,19.92,71.4,0xd7eeb647e1076b7480d178963152ac2584aa7563bfd0ac62809e7f492c146c40,0x0000000000000000000000000000000000000000000000000030006202000410,0,0,44,1,2,0,1,1,0.25,1,0.5,5,1,1.5,1,0,0,True,0.8,70.5,72.5,5,0.5,0.25
Vandalism,Vandalism005_x264.mp4,3.819,38.1,0xf08017ed12c1d75a7efc7eb8b607ae481361e2bb32aaa304468acd8a486eaca6,0x0000000000000000000000000000000000000000000000002000000000000000,0,0,15,0,0,2,0,0.5,0.75,0,1.75,2.5,2.75,3,4.5,0,0,True,0.1,38.1,38.3,5,0.5,1
Vandalism,Vandalism006_x264.mp4,2.719,50.0,0x407508a2a3587caac3b3e4b165983f494692301e400ed4c4bbed504c47ba9e56,0x000000000000000000000000000000000000000000000000f7b02a302220e220,0,0,39,0,0,1,0,0,1.25,0.5,0.5,8,5.75,0,0.75,0,0,True,0.7,49.1,51.0,5,0,0.5
Vandalism,Vandalism007_x264.mp4,6.141,56.7,0x940dda770f987fdd41c6c96f22abd5db8034a0bcdf578c3a772bdbcb129d0c4f,0x0000000000000000000000000000000000000000000000000000040044300040,0,2,31,0,2,0,1,0.5,0.75,2,1,3,0.75,1.5,2,0,0,True,0.6,56.1,57.6,5,2,0.75
Vandalism,Vandalism008_x264.mp4,100.832,35.9,0x45ed31bbcc9d0759b9a74c784f64c7838f051c83b6b474debbfb9c6519b22e6c,0x000000000000000000000000000000000000000000000000408800728ef246e0,0,0,19,1,0,1,0,0,0,0,0.25,5.5,0.75,2,0,0,0,True,0.7,35.3,36.8,5,0,0.25
Vandalism,Vandalism009_x264.mp4,12.452,85.1,0x7e99fb87bbbbcd2f52bcb621b6458c8daed35e9784da016f7f8f09f061056815,0x0000000000000000000000000000000000000000000000000650000000000000,0,0,15,0,0,1,0,1.5,0.5,1.5,0.75,3,2,3,1.75,0,0,True,3.8,82.1,91.6,5,1.5,0.5
Vandalism,Vandalism010_x264.mp4,24.842,53.4,0x4a5eaa6b445a47b75f0fa38046f75021c6c3c6c8fd83e391f384675e48c80728,0x0000000000000000000000000000000000000000000000000300c220c2009aa0,1,1,30,1,0,0,1,0.5,0.75,0.5,0,7,3.75,2.5,2,0,0,True,1.1,51.8,54.8,5,0,0.5
