category,filename,k2a_crf18,phash4_crf18,dhash4_crf18,k2a_crf23,phash4_crf23,dhash4_crf23,k2a_crf28,phash4_crf28,dhash4_crf28,k2a_crf35,phash4_crf35,dhash4_crf35,k2a_h265_crf28,phash4_h265_crf28,dhash4_h265_crf28,k2a_downscale_50,phash4_downscale_50,dhash4_downscale_50,k2a_drop_1frame,phash4_drop_1frame,dhash4_drop_1frame,k2a_drop_1pct,phash4_drop_1pct,dhash4_drop_1pct,k2a_drop_10pct,phash4_drop_10pct,dhash4_drop_10pct,k2a_half_fps,phash4_half_fps,dhash4_half_fps,k2a_crop_5pct,phash4_crop_5pct,dhash4_crop_5pct,k2a_rotate_2deg,phash4_rotate_2deg,dhash4_rotate_2deg,k2a_rotate_5deg,phash4_rotate_5deg,dhash4_rotate_5deg,k2a_hflip,phash4_hflip,dhash4_hflip,k2a_rescale_50,phash4_rescale_50,dhash4_rescale_50
Normal,Normal_Videos_015_x264.mp4,0,0,0,0,0,0.25,0,0,0.75,1,1,0.75,1,0.5,0.5,0,0,0.25,1,0,0.5,0,0,0.25,1,0,0.5,1,0,0.25,6,7.5,10.25,2,4.5,6.25,8,9,13.5,15,32,23.75,1,0,0.25
Normal,Normal_Videos_050_x264.mp4,1,0,0.25,1,1,1,1,1.5,1.75,1,1,2.75,1,0.5,1.75,1,0.5,3.5,1,0.5,1.75,1,0.5,1,1,1,0.5,1,1,0.5,12,10,6.25,10,4,6,13,10,11,16,30,20.75,1,0,1.25
Normal,Normal_Videos_100_x264.mp4,0,0,0,1,0,0,0,0,0.75,1,0.5,0.25,0,0.5,0.5,1,0.5,0.25,0,0,0,1,0,0.5,0,0,0.75,1,0,0,5,8,11.25,4,7,4,4,9.5,9.5,6,31,30.75,2,0,0.25
Normal,Normal_Videos_129_x264.mp4,0,0,0.25,1,0.5,0,1,0.5,1.5,1,1.5,1.5,1,0,0.75,3,0,1.5,1,0.5,0.5,2,0,0.5,1,0,1,0,0.5,0.25,7,11,12,6,5.5,6.75,11,8.5,13.25,9,33.5,25.5,2,0,0.5
Normal,Normal_Videos_150_x264.mp4,0,1,0,0,1,0,0,0.5,0,1,1,0.5,0,1,0.5,1,0.5,0.75,0,1,0.25,0,1,0.25,0,1,0,1,3,1,13,5.5,4.75,6,4,5.75,15,8.5,9.25,23,31.5,31,1,0.5,0
Normal,Normal_Videos_246_x264.mp4,0,0.5,0.25,0,0,0.5,0,0,1,2,0,1.5,0,0,1,0,0,0.25,0,0,0.75,0,0,0.5,0,0,0.75,0,0,0.5,12,7.5,11,2,3,4.5,10,6,9.25,22,30.5,32.75,1,0,0.5
Normal,Normal_Videos_247_x264.mp4,0,0,0,0,0,0,0,0,0.5,1,0.5,0.5,0,0,0.5,1,0,0.75,0,0,0,0,0,0.25,0,0,0.25,0,0,0,17,7.5,14.5,3,4.5,10.25,15,8,18.25,20,31.5,25.25,1,0,0.75
Normal,Normal_Videos_248_x264.mp4,0,0.5,0.5,0,0,1.25,0,0.5,3,1,1,3,0,0.5,1.5,1,0.5,1.5,0,0,1.75,0,0.5,1.25,0,0,1.25,0,0.5,1.75,5,8.5,11.25,4,4,10,8,8.5,15.25,26,31,39.5,1,0,2.25
Normal,Normal_Videos_251_x264.mp4,0,1,0.5,0,0.5,0.25,0,1,1,0,1,1.5,0,1,1,0,1.5,0.5,1,2.5,1.5,0,1.5,1.25,0,1,0.5,0,1,0,12,13.5,13.25,8,4.5,4.75,9,8.5,12.5,35,32,33,0,0.5,0.25
Normal,Normal_Videos_289_x264.mp4,0,0,0,1,0,0.25,0,0,1.25,2,1,1,1,0.5,0.5,3,0,1,2,0.5,0.25,1,0,0.25,2,1,0.25,3,0.5,0.25,18,13,9.75,14,3,3.5,17,10,6,38,29.5,40.5,2,0,0.25
Robbery,Robbery001_x264.mp4,0,0.5,0.5,0,0,0,0,0,0,0,0.5,0.25,0,0,0.5,0,0.5,0,0,0,0.25,0,0.5,0.25,0,0,0.25,0,0,0,5,11.5,11.25,3,8,7.75,3,11,9.5,8,30.5,23.75,0,0,0
Robbery,Robbery002_x264.mp4,0,0,0.25,1,0.5,0.25,1,0,0.75,2,0.5,1.5,0,0,0.75,2,0.5,0.5,1,0.5,0.5,0,0,0.25,0,0,0.5,0,0,0,10,9,10.25,11,5.5,4.5,12,6.5,7.75,23,32,34,2,0,0.5
Robbery,Robbery003_x264.mp4,0,0,0,0,0,0.25,0,0,0.5,0,0,0.25,0,0,0.75,0,0,1,0,0,0.25,0,0,0,0,0,0.25,0,0,0.25,16,12,10.5,5,7,8.5,13,12.5,11.25,23,31,34.75,0,0,1
Robbery,Robbery004_x264.mp4,1,1,0,1,1,0.25,1,1,0,0,2,0.25,1,0.5,0.25,2,0.5,0.75,1,1,0.25,0,0.5,0.5,1,1,0.25,0,1,0.75,19,10.5,9.5,7,3,3.75,13,10,9.5,24,30,30.25,3,1,0.5
Robbery,Robbery005_x264.mp4,0,1,1,0,1,0.5,1,1.5,0.75,1,2.5,1.25,1,0.5,1,3,1,0.75,0,1.5,0.5,0,1,0.75,0,0,0,0,1,0.5,14,8,9.5,7,4.5,6,14,9,12,20,32,39,2,0.5,1
Robbery,Robbery006_x264.mp4,0,0,0.25,0,0.5,0.25,2,1,0.5,1,1.5,0.5,1,0.5,0.75,2,0.5,0.75,0,1,0.5,0,1.5,0,0,1,0.25,0,2,0.5,14,15.5,9.5,8,4.5,1.75,12,12.5,6.25,20,33.5,21.5,1,0.5,0.5
Robbery,Robbery007_x264.mp4,0,0,0,0,0,0.25,0,0,0.25,1,0.5,0.5,0,0.5,0,0,0.5,0,0,0,0.25,1,0,0.25,0,0,0.25,0,0,0.25,9,10,9.5,2,4.5,4,11,11.5,9.75,18,29,21.25,2,0.5,0
Robbery,Robbery008_x264.mp4,0,0,0,1,0,0,0,0,0.5,3,0,1.5,0,0.5,0.75,2,0,0.25,1,0.5,0.25,0,0,0.25,0,0,0.25,0,0,0.25,26,10,9.5,13,4,3.75,23,10,9.75,21,31.5,28.25,4,0,0.25
Robbery,Robbery009_x264.mp4,0,0,0.5,0,0,0.25,1,0.5,0.75,2,0,1.5,1,0.5,0.25,2,0.5,0.5,0,0,0.25,0,0,0.75,0,0,0.25,0,0,0.5,25,11,10,15,4,3,22,12.5,9,27,29,23.75,2,0,0.75
Robbery,Robbery010_x264.mp4,0,0.5,0,0,0.5,0,0,0.5,0,1,0.5,0.25,1,0.5,0.25,0,0.5,0,0,0.5,0,0,0,0.25,0,0.5,0,0,0.5,0,11,9.5,12.25,10,5.5,4.75,17,8,13,16,32,23.25,0,0.5,0.25
RoadAccidents,RoadAccidents001_x264.mp4,1,0,1,1,0,1,0,0,1.5,1,1,0.75,0,0,1,0,0,0.75,0,0,1,0,0,1,1,0.5,1.25,0,0.5,1,19,17,11.25,4,7.5,3,11,17.5,8,22,30,32.5,1,0,1
RoadAccidents,RoadAccidents002_x264.mp4,0,0,0.25,0,0.5,0.25,0,0,0.25,1,0.5,0.75,0,1,0.25,1,0.5,1.25,0,0,0.5,0,1,1.25,0,0,0.25,1,1,1,12,7,10.75,9,4,7.5,12,9,10.5,22,31,33.75,0,0.5,0.75
RoadAccidents,RoadAccidents003_x264.mp4,0,0,0.25,0,0,0.25,1,0,0.75,0,0.5,1.5,0,0,0.5,0,0,0.5,0,0,0.5,0,0,0.75,0,0,0.5,0,0,0.75,5,9,13.75,3,4,4.25,10,8.5,9.5,35,32,42,1,0,0.75
RoadAccidents,RoadAccidents004_x264.mp4,0,0.5,0.75,0,0.5,0.75,2,0.5,1.75,1,1,1.5,1,0.5,1.25,2,0.5,0.75,1,0.5,1.5,1,0.5,1.75,1,0.5,1,1,0.5,1.75,8,16,9.75,8,7,2.75,12,14,7,13,27,27,2,0.5,0.25
RoadAccidents,RoadAccidents005_x264.mp4,0,0.5,0,0,0.5,0,0,0,0.25,1,0.5,0.25,0,0.5,0,0,0,0,0,1.5,0.25,0,0.5,0,0,0.5,0,0,0,0,9,9.5,10.75,2,4.5,0.25,5,8.5,3.5,10,32,13.5,0,0,0
RoadAccidents,RoadAccidents006_x264.mp4,0,0.5,1,1,0,0.25,0,1,1,0,1,0.75,1,0.5,1.25,2,0,0.5,1,0,0.25,1,0,0.25,0,0.5,1,0,0,0.25,9,7,7.75,5,7,5.25,5,15.5,11.25,16,31,24,1,0,1
RoadAccidents,RoadAccidents007_x264.mp4,1,0,0,1,0,0.25,1,0,0.5,3,0.5,0.25,1,0,0.5,4,0,0.25,0,0,0.25,0,0,0.25,0,0,0.25,0,0,0.25,9,17.5,11.25,9,6,2,8,12,6.5,22,28.5,36.25,4,0,0.25
RoadAccidents,RoadAccidents008_x264.mp4,0,0,0,0,0,0.25,0,0.5,0.75,1,1,1.25,2,0.5,0.75,1,0,0.25,1,0,0.25,3,0.5,0,1,0.5,1.75,0,1,1,4,11,5.5,7,7,3.25,7,16,7,25,33,36.25,1,0.5,0
RoadAccidents,RoadAccidents009_x264.mp4,0,0.5,0.25,1,0.5,0.25,1,0.5,0.5,1,1,0.5,0,0.5,0.25,1,1,0.75,1,0.5,0.25,0,0.5,0.25,1,1,0.5,1,1,0.75,16,11.5,9.75,2,7.5,2.5,9,18.5,6,11,30,29.25,1,1,0.25
RoadAccidents,RoadAccidents010_x264.mp4,0,0,0,1,0.5,0,1,0.5,0,1,0.5,0.25,2,0.5,0.5,2,0.5,0.25,2,1,0,1,0,0,2,0.5,0,2,0.5,0.25,7,10.5,10.5,6,3,4,10,9,7.5,22,33,29.5,0,0,0.25
Shoplifting,Shoplifting001_x264.mp4,1,1,0,1,0.5,0.25,0,0,0,2,1,0.75,0,1,0.25,2,0,0.25,1,0,0.25,1,0.5,0.75,1,0.5,0.5,1,0.5,0.5,17,12.5,14.75,12,4.5,2.5,18,8,7.5,32,33.5,43.25,3,0.5,0.25
Shoplifting,Shoplifting003_x264.mp4,1,0.5,0,1,0.5,0.25,1,0,0.5,2,0,0.75,1,0,0.5,6,0,0.75,0,0,0,1,0.5,0.25,1,0,0.25,1,0,0.5,25,13.5,16,22,5,5.5,28,12.5,13.5,27,32,31,6,0,0.5
Shoplifting,Shoplifting004_x264.mp4,0,0.5,0.25,0,0,0,0,1,0.25,1,1.5,0.25,1,1,0.5,0,0.5,0.25,0,0.5,0,1,0,0.25,0,0.5,0.25,1,0.5,0,10,13,9.5,5,3.5,4.75,12,9.5,10.25,35,31.5,43,0,0,0.25
Shoplifting,Shoplifting005_x264.mp4,0,0,0,0,0,0.25,0,0.5,0.75,0,1.5,0.5,0,0,0.25,0,0.5,0.75,0,0,0.25,0,0,0.5,0,0,0.25,1,0.5,0.75,9,8.5,6.5,3,6,2.75,9,13.5,6,20,31,11,0,0,0.25
Shoplifting,Shoplifting006_x264.mp4,0,0,0,0,0,0,2,0,0.25,3,0.5,0.25,1,0,0.25,3,0.5,0,1,0,0.25,0,0,0,0,0,0,0,0,0.25,13,8,8.75,7,2.5,2.5,8,9,7.75,28,31.5,35.25,3,0,0.5
Shoplifting,Shoplifting007_x264.mp4,0,0,0,2,0,0,2,0,0,1,0.5,0.25,2,0.5,0,2,0.5,0,2,0,0,2,0,0,2,0,0,0,0.5,0.25,18,6.5,8,8,5.5,1.75,15,10,5.25,16,30.5,17.5,3,0,0
Shoplifting,Shoplifting008_x264.mp4,0,0,0.25,0,0,0.75,0,0,0,1,1,0.75,1,0.5,0.5,2,0.5,0.5,0,0,0.5,0,0,0.5,0,0,0.25,0,0,0.25,5,13.5,9,5,7,5,8,13,9.5,24,31.5,28.5,2,0,0.25
Shoplifting,Shoplifting009_x264.mp4,0,0,0,1,0,0.25,2,0,0.25,0,1,0.25,1,0.5,0.5,2,1,0.5,1,0.5,0.25,0,0.5,0,0,0.5,0,1,0,0,18,18,10.25,8,6.5,4.25,9,14.5,10,25,32,29.75,3,0,0
Shoplifting,Shoplifting010_x264.mp4,0,0.5,0,0,0.5,0.5,0,0,0.75,0,1,1,0,0,0.75,3,0.5,0.75,0,0.5,0.5,0,0,0.5,0,0.5,0.25,0,0,0.5,9,13.5,10.5,4,5.5,2.5,7,11,8.25,9,32,31,2,0,0.25
Shoplifting,Shoplifting012_x264.mp4,0,0,0,2,1,0,1,0.5,0,3,1,0.25,1,0.5,0,2,1,0,1,0.5,0,0,0,0,0,0,0.25,1,0.5,0,19,14,14.5,14,6,2.5,23,10.5,8,38,32.5,31.25,5,1,0
Stealing,Stealing002_x264.mp4,0,0,0,1,0,0,1,0.5,0,2,0.5,0.25,0,0.5,0,1,1,0,1,0,0,0,0,0,0,0.5,0,0,0,0,13,11.5,9.25,7,5,3.5,14,12,6.25,20,32,30.5,2,1,0
Stealing,Stealing003_x264.mp4,0,0,0,0,0,0,0,0,0.25,1,0,0,0,0,0,1,0,0,0,0,0,0,0,0,0,0,0,0,0,0,15,8,9.5,14,2.5,1.25,16,11,10,30,30,40.5,0,0,0.25
Stealing,Stealing004_x264.mp4,0,0.5,0,0,0.5,0.25,0,0.5,0.25,1,0.5,0,2,0.5,0.25,5,0.5,0,1,0.5,0,0,0.5,0,0,0.5,0,0,0,0.5,17,9.5,13.5,12,5,3.75,10,10.5,6,18,33.5,14.75,4,0,0.25
Stealing,Stealing006_x264.mp4,0,0,0,0,0,0.25,0,0.5,0,0,1.5,0.25,0,0.5,0.25,0,1,0.25,0,0,0.5,0,0.5,0,0,0.5,0.25,0,0,0,12,8.5,9,9,4,4,9,9,9,41,32.5,36.75,0,0.5,0.5
Stealing,Stealing007_x264.mp4,0,0,0.75,2,0,0.5,2,0,1.5,4,1,0.75,2,0,0.75,3,0.5,0.75,0,0.5,0.75,0,0.5,0.75,1,0,1,1,0,0.25,11,11.5,6.25,4,6.5,3.5,9,11.5,9,36,33,38,1,0.5,0
Stealing,Stealing008_x264.mp4,0,0,0.25,0,0,0.25,0,0.5,0.75,0,0,1.25,0,0.5,0.5,0,0.5,0.5,0,0.5,0.25,0,0.5,0,0,0.5,0.5,0,0.5,0,3,10,5.5,2,5.5,5.5,5,9.5,8.5,6,32,20,0,0,0.5
Stealing,Stealing009_x264.mp4,1,0,0.25,2,0.5,0,0,0,0,0,0.5,0,0,0.5,0,1,0,0.25,1,0.5,0,1,0,0,2,0.5,0,1,0,0,15,12.5,13,6,3.5,1.75,9,9,6.25,33,32,27,4,0.5,0
Stealing,Stealing010_x264.mp4,0,0,0.25,1,0,0.25,0,0,0.75,2,1.5,1.75,1,0,0,3,0.5,0.75,1,0,0.5,1,0,0.5,0,2,1.25,0,0,0.25,8,11.5,5.75,7,5,2.5,11,10.5,7.25,23,33,37,3,0,0.25
Stealing,Stealing011_x264.mp4,0,0,0,1,0.5,0,3,1,0,3,1.5,0.5,2,1,0,3,0.5,0.25,1,0,0,1,0.5,0,1,0.5,0,0,0.5,0,24,11.5,11.5,16,4,6,18,10,9.75,24,32.5,27.25,3,0,0
Stealing,Stealing012_x264.mp4,0,0,0,4,0,0.25,4,0,0.25,3,0.5,0,3,0,0.25,4,0.5,0.25,4,0,0,4,0,0,3,0,0,1,0,0,16,9.5,8.5,6,3,1.5,8,9,4.25,26,30.5,25.75,3,0,0
Vandalism,Vandalism001_x264.mp4,0,0,0.5,1,0,0.5,0,0.5,0.75,0,0.5,2.25,0,1,0.75,0,0,1,2,1,1.5,2,1.5,1.25,1,0.5,0.5,4,2,2.75,13,6,12.25,10,5.5,8.25,11,10.5,16,28,31.5,37,1,0.5,0.75
Vandalism,Vandalism002_x264.mp4,0,0.5,0.5,0,0,0.5,0,0.5,0.75,1,0.5,1.5,0,0,0.75,1,0.5,1.25,0,1,0.75,0,0.5,0.75,0,0,0,0,0,0.75,4,6,8,3,2,4.75,9,7,8,15,30.5,20.5,1,0,0.75
Vandalism,Vandalism003_x264.mp4,0,0.5,0.75,0,0.5,1,2,1.5,1.25,1,1,3.5,0,0,1.75,1,0.5,2.25,0,1,0.75,1,1,1.25,1,0.5,1.5,1,1.5,1.25,18,13,16.25,5,8.5,5.75,15,13,11.75,24,30.5,24,3,0.5,1.25
Vandalism,Vandalism004_x264.mp4,0,0,0.75,1,0,0.25,0,1,0.25,2,1.5,1,1,0.5,0.5,3,1,0.75,1,0.5,0.25,1,0,0.75,0,1,0.75,0,0,0.75,9,11.5,5,5,3.5,1.75,7,7.5,4.75,15,31.5,26,3,0,1
Vandalism,Vandalism005_x264.mp4,0,0.5,1.25,0,0.5,1,0,0.5,0.75,0,0.5,1.5,0,0.5,2.25,0,0.5,2.5,0,0.5,1,0,1,0.75,0,0.5,1.25,0,0.5,1.25,1,12.5,3.25,0,8,4.75,0,12.5,8.25,3,32,26.5,0,0.5,1
Vandalism,Vandalism006_x264.mp4,0,0,0.75,0,0,0.5,0,0,1.25,0,0,0.75,0,0,0.75,1,0,0.75,0,0,0.5,0,0,0.75,0,0,0.75,0,0,0.75,13,13,11.25,7,5,5.5,8,9.5,7.75,22,30.5,34,1,0,0.5
Vandalism,Vandalism007_x264.mp4,0,0,0,0,0.5,0.75,0,0.5,0.75,1,0.5,2,0,0.5,1,3,0.5,1.25,1,2,0.75,1,2,0.5,0,1,0.75,0,0.5,0.75,5,13.5,10,4,3,6.25,2,6,14,10,31.5,33.25,3,0.5,0.25
Vandalism,Vandalism008_x264.mp4,0,0,0,0,0,0,0,0,0,1,0,0,0,0,0,1,0,0,0,0,0.25,0,0,0,0,0,0.25,0,0,0.25,14,9,5.5,4,4,1,10,9,3,15,30,16,0,0,0
Vandalism,Vandalism009_x264.mp4,0,0.5,0,0,1,0.25,0,1.5,0.5,0,2,0.5,0,1,0.25,0,1,0.25,0,1.5,0.5,1,3.5,1,0,1.5,0.5,1,1,0.25,4,10.5,10.75,2,5.5,1.75,5,11.5,5.75,5,30,23.5,0,2,0.25
Vandalism,Vandalism010_x264.mp4,1,0,0.25,1,0,0.5,1,0.5,0.75,4,0.5,0.75,1,0,0.25,0,0,0.25,1,0,0.5,1,0,0.25,1,0,0.25,2,0.5,0.25,14,9,12.25,7,4.5,6.75,13,7.5,13,25,32.5,36.75,0,0,0.5
